time_cheche_mean,time_shushu_mean,speedup
0.003192289400010395,0.003199205199996413,1.0021664075901124
