n_samples,fit_baseline,predict_baseline,fit_fast,predict_fast
1000,0.697253422000017,0.0727710040000602,0.5918179679999866,0.051204050000023926
10000,1.8549371729999393,0.662729043000013,1.6489097249999531,0.6304893919999586
50000,8.279931158999943,3.011746677000019,8.048727368000073,3.2675078119999625
