n_samples,n_features,fit_baseline_mean,fit_baseline_std,fit_baseline_mem,predict_baseline_mean,predict_baseline_std,predict_baseline_mem,fit_fast_mean,fit_fast_std,fit_fast_mem,predict_fast_mean,predict_fast_std,predict_fast_mem
1000,10,0.64920427200002,0.0,30.2734375,0.04202409300000909,0.0,16.875,0.5814629830000513,0.0,22.0,0.06046020399992358,0.0,18.625
10000,10,1.7103773999999703,0.0,200.125,0.5882464580000715,0.0,196.375,1.660236951999991,0.0,196.96484375,0.6020314740000003,0.0,196.375
