method,time_s
python,0.04160049759998401
numba,0.004765925300000617
