dataset,n_samples,n_submodels,scan_steps,time_seq_mean,time_par_mean,speedup
breast_cancer,569,2,24,0.5181380340000032,3.235571551333313,0.1601380237709437
breast_cancer,569,4,24,0.9037921333333353,0.34056196866667204,2.6538257835182106
digits,1797,2,24,2.6286067989999915,1.8325740793333314,1.4343795585912944
digits,1797,4,24,4.332859225333323,1.934593125333322,2.239674672981581
