n_points,time_old_mean,time_new_mean,speedup,t_drop_diff_max,slope_diff_max
100,3.0973399975664503e-05,3.640740001173981e-05,0.850744627896442,0.0,0.0
1000,1.9449400019766473e-05,5.505579999862675e-05,0.353267049434421,0.0,0.0
10000,6.017700001166304e-05,0.00035154040000406894,0.17118089417593685,0.0,0.0
