n_samples,time_grid_mean,time_grad_mean,speedup,acc_grid_mean,acc_grad_mean,acc_diff_max
100,1.232721606000003,0.12494417933333087,9.866178741398597,0.67,0.67,0.0
400,1.097618757333341,0.2166830570000021,5.065549529021691,0.66,0.66,0.0
