n_samples,time_grid_mean,time_grad_mean,speedup,acc_grid_mean,acc_grad_mean,acc_diff_max
100,1.55495064599999,0.16800930133333244,9.255146195239211,0.67,0.67,0.0
400,1.6419904393333127,0.3105470103333232,5.287413450127551,0.66,0.66,0.0
