size,direction,implementation,mean,std,speedup
100,center_out,vectorized,2.9302333340789726e-05,1.8098539437595286e-05,1.0
100,center_out,loop,1.4494333337703816e-05,9.000154309969125e-06,2.021640641074961
500,center_out,vectorized,3.985000000739092e-05,8.629079471628381e-06,1.0
500,center_out,loop,1.4243333320488697e-05,4.202373180449114e-06,2.7978001434585287
150,N/A,fit_inflexion,0.19540640300001164,0.014866003587281604,1.0
150,N/A,fit_percentile,0.22636410033334187,0.02441293362617308,0.8632393683992198
