size,direction,implementation,mean,std,speedup
500,center_out,vectorized,3.466166668886217e-05,1.5768643261057748e-05,1.0
500,center_out,loop,1.2702666670823723e-05,4.380103659939734e-06,2.728692138988048
500,outside_in,vectorized,4.4731000021632404e-05,1.4662913240635684e-05,1.0
500,outside_in,loop,1.2305000003228391e-05,4.823918317520967e-06,3.6351889483865576
150,N/A,fit_inflexion,0.18571085833334186,0.006061283928099044,1.0
150,N/A,fit_percentile,0.2274965703333199,0.013270829219990617,0.8163237716561832
